,question_id,question,answer
0,active_metal,"""What are the underlying principles that govern the movement of celestial bodies, and how do they differ from the principles described by Newton and Einstein?""","""The movement of celestial bodies is governed by underlying principles that describe the force of gravity and its effects on mass. Newton's law of universal gravitation quantifies this force as proportional to the product of the masses and inversely proportional to the square of the distance between them. Einstein's theory of general relativity, on the other hand, explains gravity as the curvature of spacetime caused by mass, which affects the motion of objects in a more comprehensive manner. These principles differ in their level of accuracy and the extent to which they explain the phenomena observed in the universe."""
1,alpha_decay,"""What are the underlying principles that govern the behavior of celestial bodies, and how do they differ from one another?""","""Celestial bodies, such as planets, stars, and galaxies, exhibit unique behaviors that are governed by underlying principles. Newton's law of universal gravitation describes how these bodies attract each other through a force proportional to their masses and inversely proportional to the square of the distance between them. However, this law is limited in its applicability, particularly when dealing with more complex phenomena such as the behavior of black holes or dark matter. Einstein's theory of general relativity provides a more comprehensive understanding of gravity by describing it as the curvature of spacetime caused by mass and energy. This theory explains phenomena such as gravitational waves and the bending of light around massive objects, offering a more nuanced understanding of the behavior of celestial bodies."""
2,animal_behaviors,"How does the interaction between genes and the environment shape the development of complex behaviors in animals, and what are some examples of these behaviors?","The interaction between genes and the environment plays a crucial role in shaping the development of complex behaviors in animals. Genes provide theblueprint for an organism's behavior, while the environment influences how these genes are expressed. For example, a bird's genetic predisposition to build a nest may be triggered by the presence of twigs and leaves in its environment. Similarly, a cat's genetic instinct to hunt may be influenced by the availability of prey in its surroundings."
3,annual,"What are the underlying principles behind the formation and evolution of galaxies, and how do they relate to the behavior of celestial bodies within them?","The formation and evolution of galaxies are complex and involve several underlying principles, including the initial conditions of the universe, the distribution of matter and energy, and the gravitational interactions between celestial bodies. The most widely accepted theory is the Cold Dark Matter model, which posits that galaxies form from the gravitational collapse of gas and dust in the early universe, with the rotation of stars and planets within them influenced by the distribution of dark matter."
4,bathymetric,"""What are the underlying principles that govern the movement of celestial bodies, and how do they differ between Newton's law of universal gravitation and Einstein's theory of general relativity?""","The movement of celestial bodies is governed by underlying principles that describe the force of gravity and its effects on spacetime. Newton's law of universal gravitation, formulated in the 17th century, posits that the force of gravity between two objects is proportional to the product of their masses and inversely proportional to the square of the distance between them. This law is sufficient for many practical purposes, such as calculating the orbits of planets. However, Einstein's theory of general relativity, developed a century later, provides a more comprehensive understanding of gravity by describing it as the curvature of spacetime caused by mass. This theory explains phenomena that Newton's law could not address, such as gravitational waves and the bending of light around massive objects."
5,boundaries,"""What are the different types of grain boundaries in polycrystalline materials, and how do they affect the material's microstructure and properties?""","Grain boundaries are the interfaces between grains in polycrystalline materials, and they can be classified into several types based on their orientation and characteristics. These types include low-angle grain boundaries, high-angle grain boundaries, and special grain boundaries. Each type of grain boundary has a distinct effect on the material's microstructure and properties, such as its strength, ductility, and electrical conductivity. For example, low-angle grain boundaries can improve the material's strength by reducing grain growth during solidification, while high-angle grain boundaries can enhance its ductility by reducing the number of dislocations."
6,coccygeal_vertebrae,"How does Newton's law of universal gravitation compare to Einstein's general theory of relativity in explaining the force of gravity, and what are some key phenomena that each theory accounts for?","Newton's law of universal gravitation and Einstein's general theory of relativity offer different frameworks for understanding gravity. Newton's law describes gravity as a force between two masses, proportional to their product and inversely proportional to the square of their distance, explaining phenomena such as planetary orbits and tides. In contrast, Einstein's general relativity describes gravity as the curvature of spacetime caused by mass and energy, with massive objects warping spacetime and guiding the motion of other objects. This theory accounts for phenomena that Newton's law cannot, such as the precise orbit of Mercury, gravitational lensing, the expansion of the universe, black holes, and gravitational waves. While Newton's law applies well to everyday situations and celestial mechanics within our solar system, general relativity provides a more comprehensive understanding, especially in extreme conditions involving large masses and high velocities."
7,combustion_reaction,"""What are the underlying principles that govern the behavior of celestial bodies in our universe, and how do they impact the formation and evolution of galaxies?""","The behavior of celestial bodies in our universe is governed by fundamental principles of physics, such as gravity, electromagnetism, and quantum mechanics. These principles shape the structure and evolution of galaxies through various mechanisms, including gravitational interactions, gas dynamics, and nuclear reactions. For example, gravity plays a vital role in the formation of galaxy clusters and the distribution of matter within them, while the interactions between gas and dark matter can lead to the formation of stars and the creation of new galaxies. Understanding these principles is crucial for understanding the history and evolution of the universe."
8,copper_oxide,"""What are the different types of copper oxides that can form on a penny's surface, and how do they relate to the penny's tarnishing process?""","Copper oxides are chemical compounds that form when copper reacts with oxygen in the air, leading to different types of tarnish on a penny's surface, each with unique properties. The most common is copper oxide (CuO), a reddish-brown compound that forms when copper reacts with oxygen, causing the penny to lose its shine and turn dull reddish-brown; it is relatively stable and persists on the surface. Copper hydroxide (Cu(OH)2), a greenish-brown compound, forms when copper reacts with water and oxygen, turning the penny greenish-brown; it is less stable and can dissolve in water, exposing fresh copper underneath. Copper carbonate (CuCO3), a white or yellowish-white compound, forms when copper reacts with carbon dioxide, causing the penny to turn white or yellowish-white; it is also relatively unstable and can dissolve in water, flaking off to expose fresh copper. Understanding these oxides, which contribute to the tarnishing and aging process of pennies, highlights the complex chemical reactions occurring on their surfaces."
9,coriolis_effect,"""What are the underlying principles that govern the movement of celestial bodies, and how do they relate to the force of gravity?""","The movement of celestial bodies is governed by several underlying principles, including Newton's law of universal gravitation and Einstein's theory of general relativity. Newton's law states that the force of gravity between two objects is proportional to the product of their masses and inversely proportional to the square of the distance between them. Einstein's theory, on the other hand, describes gravity as the curvature of spacetime caused by mass, which affects the motion of objects in a more comprehensive manner. These principles help us understand how gravity influences the motion of celestial bodies, from planets to galaxies, and how they interact with each other in the universe."
10,diffusion,"""How does the absorptive process of short chains of amino acids (dipeptides) and three amino acids (tripeptides) in the absorptive epithelial cells differ from the transport of larger peptides and proteins, and what are the underlying mechanisms involved in each case?""","The absorptive process of short chains of amino acids (dipeptides) and three amino acids (tripeptides) in the absorptive epithelial cells differs from the transport of larger peptides and proteins because the former is facilitated by specific carriers that are linked to the active transport of sodium, whereas the latter often requires different transport mechanisms. Dipeptides and tripeptides are typically broken down into their individual amino acids before entering the capillary blood via diffusion, whereas larger peptides and proteins are actively transported across the epithelial cells through a variety of mechanisms, such as carrier-mediated transport and receptor-mediated transport."
11,divergent,"""What are the primary factors that influence the formation and composition of oceanic mountain ranges, and how do they differ from their continental counterparts?""","Oceanic mountain ranges are formed through the process of seafloor spreading, where the Earth's crust is pulled apart by convection currents in the mantle. This process results in the creation of new oceanic crust, which can then push up and form mountains. The composition of these mountain ranges is typically different from those on land, as they are composed of basalt and other mafic rocks, rather than the granitic rocks found in continental mountain ranges."
12,electromagnets,"How does the interaction between electromagnets and magnetic fields affect the performance of electric motors, and what are the key principles underlying the design of these devices?","The interaction between electromagnets and magnetic fields plays a critical role in the performance of electric motors. Electromagnets are made of coils of wire wrapped around a core of magnetic material. When an electric current flows through the coils, a magnetic field is generated, which interacts with the magnetic field of the core. This interaction causes the core to rotate, which in turn causes the electromagnet to rotate, generating torque. The key principles underlying the design of electric motors include the use of magnetic materials with high magnetic permeability, the optimization of the number of turns of the coil, and the control of the current flowing through the coil."
13,endosperm,"""What are the underlying principles behind the development and evolution of plant defense mechanisms, and how do they impact plant diversity and ecosystem functioning?""","Plant defense mechanisms, such as the production of toxins, trichomes, or spines, are evolutionary adaptations that help protect plants from herbivores and pathogens. These mechanisms are shaped by the specific ecological niches in which plants grow and the intensity of selection pressure from herbivores and pathogens. For example, plants growing in areas with high herbivore abundance may invest more in toxin production, while those in areas with high pathogen pressure may invest more in trichome density. Understanding the diversity and distribution of plant defense mechanisms can provide insights into how ecosystems function and how they may respond to environmental changes."
14,evenly_spaced_lines,"""What are the underlying principles that govern the diffraction of light, and how do different grating configurations affect the produced diffraction patterns?""","The principles that govern the diffraction of light include the superposition principle, which states that the light waves passing through multiple slits or gratings interfere with each other, producing an interference pattern. Another key principle is the diffraction limited, which states that the size of the diffraction pattern is limited by the wavelength of the light. The grating configuration can significantly impact the produced diffraction patterns, with evenly spaced lines being produced by a diffraction grating."
15,four,"""What are the three primary types of tissue found in the human body, and how do they differ in structure and function?""","The three primary types of tissue found in the human body are epithelial, connective, and muscle tissue. Epithelial tissue is the thin layer of cells that cover the body's surface and line internal organs, while connective tissue supports and connects other tissues and organs. Muscle tissue is responsible for movement and contraction. Each type of tissue has a unique structure and function that allows it to perform its specific role in maintaining the body's overall health and function."
16,fungi,"""What are the main factors that influence the distribution and abundance of fungi in different ecosystems, and how do they contribute to the overall diversity of fungal species?""","Fungi are distributed and abundant in various ecosystems due to a combination of factors, including temperature, moisture, light, and nutrient availability. For instance, fungi thrive in humid and cool environments with abundant organic matter, such as forests, where they play a crucial role in decomposing organic matter and recycling nutrients. In contrast, fungi in arid environments often have adaptations that enable them to survive with limited water availability, such as forming symbiotic relationships with other organisms or entering dormant states. The diversity of fungal species is influenced by these factors, as well as evolutionary history, geographical isolation, and human activities. Understanding these factors is essential for managing and conserving fungal diversity, as many fungal species have important ecological roles and provide valuable resources for human consumption."
17,gas_law,"What are the underlying principles that govern the motion of celestial bodies, and how do they relate to the force of gravity?","Gravity is the force that governs the motion of celestial bodies, including planets, stars, and galaxies. According to Newton's law of universal gravitation, gravity is proportional to the product of the masses of two objects and inversely proportional to the square of the distance between them. This law allows us to calculate the gravitational force exerted by one object on another and predict the motion of celestial bodies in response to that force. However, gravity is not the only force that affects the motion of celestial bodies; other forces, such as electromagnetism and the strong and weak nuclear forces, also play a role in certain situations. For example, the gravitational force of a planet on an orbiting spacecraft must be taken into account when calculating the spacecraft's trajectory."
18,gene_therapy,"""What are the key principles and mechanisms involved in gene therapy, and how do they offer hope for treating genetic disorders?""","Gene therapy involves replacing or repairing faulty genes with healthy ones to treat genetic disorders. This is done by introducing healthy copies of a gene into cells using viruses as vectors. The new gene takes over the function of the defective gene, correcting the genetic defect. Gene therapy offers hope for treating genetic disorders by providing a potential cure for diseases that were previously untreatable."
19,gene_transcription,"What are the underlying mechanisms by which regulatory proteins bind to regulatory elements on DNA, and how do these interactions influence gene transcription?","Regulatory proteins bind to regulatory elements on DNA by recognizing specific DNA sequences and protein-DNA interactions. These interactions can either activate or repress gene transcription by altering the accessibility of RNA polymerase to the promoter region of the gene, or by modulating the transcriptional machinery directly. The specific mechanisms underlying these interactions depend on the type of regulatory protein and regulatory element involved, but can include DNA bending, looping, or modifying the chromatin structure. These interactions play a crucial role in regulating gene expression in response to various cellular signals and environmental cues."
20,gravity,"How does gravity influence the movement of celestial bodies, and what are the underlying principles described by Newton and Einstein?","Gravity influences the movement of celestial bodies by causing them to attract each other, which governs their orbits and interactions. According to Newton's law of universal gravitation, the force of gravity between two objects is proportional to the product of their masses and inversely proportional to the square of their distance apart. Einstein's theory of general relativity further explains gravity as the curvature of spacetime caused by mass, which affects the motion of objects in a more comprehensive manner."
21,gymnosperms_and_angiosperms,What are the differences between the gymnosperm and angiosperm seeds in terms of their structure and function?,"The main difference between gymnosperm and angiosperm seeds is their structure. Gymnosperm seeds are typically contained within a cone, while angiosperm seeds are surrounded by an ovary. This difference in structure affects the way the seeds are dispersed and the conditions required for germination. For example, gymnosperm seeds often rely on wind or animals for dispersal, while angiosperm seeds are often dispersed through the actions of animals, such as birds, that eat the fruit containing the seed. Additionally, gymnosperm seeds typically require a longer period of cold temperatures and darkness to initiate germination, whereas angiosperm seeds can germinate in a wider range of temperatures and light conditions."
22,haploid_and_diploid,"""What are the primary differences between the haploid and diploid generations in plant life cycles, and how do they impact the plant's growth and reproduction?""","Plants have a life cycle that alternates between haploid and diploid generations. During the haploid generation, plants produce gametes (sperm or eggs) that fuse to form a zygote, which then develops into a sporophyte. The sporophyte produces spores that give rise to the diploid generation. In the diploid generation, the spores germinate into a sporeling, which then grows into a mature plant. The primary differences between the haploid and diploid generations are in their ploidy level (haploid vs diploid) and the number of sets of chromosomes they possess (one set in haploid, two sets in diploid). These differences impact the plant's growth and reproduction, as the haploid generation is typically smaller and more mobile, while the diploid generation is larger and more stable."
23,imaging_satellites,"""What are some of the key principles and theories that govern the movement of celestial bodies, and how do they support our understanding of the universe?""","The movement of celestial bodies is governed by several key principles and theories, including Newton's law of universal gravitation and Einstein's theory of general relativity. These theories provide a comprehensive understanding of the gravitational forces that shape the universe, from the orbits of planets to the motion of galaxies. By understanding these principles, we can better appreciate the vast scale and complexity of the cosmos, and how the movement of celestial bodies reflects the underlying structure of the universe."
24,immunity,"What are the mechanisms by which the immune system mounts an active response to pathogens, and how do they differ from the mechanisms that lead to passive immunity?","The immune system mounts an active response to pathogens through several mechanisms, including the activation of antigen-presenting cells, the activation of T cells and B cells, and the production of cytokines and antibodies. These mechanisms involve the recognition of pathogen-associated molecular patterns (PAMPs) or pathogen-specific antigens by pattern recognition receptors (PRRs) on antigen-presenting cells, which then activate the adaptive immune response. In contrast, passive immunity involves the transfer of pre-existing immunity from an immune individual to a nonimmune individual, without the need for an adaptive immune response."
25,infancy,"""What are some of the historical and cultural influences that have shaped the concept of time, and how have these influences affected the way we measure and perceive time today?""","The concept of time has been shaped by various historical and cultural influences throughout human history. For example, ancient civilizations such as the Egyptians, Babylonians, and Greeks developed calendars based on astronomical observations, which influenced their perception of time as cyclical and linked to celestial events. In contrast, the Western concept of time as a linear, flowing quantity with a fixed past, present, and future has its roots in ancient Greece and the Roman Empire. The introduction of Christianity also influenced timekeeping practices, with the adoption of the Gregorian calendar in the 16th century. Additionally, technological advancements such as the invention of the mechanical clock in the Middle Ages and the atomic clock in the 20th century have further altered our understanding of time. These influences have shaped the way we measure and perceive time today, making it a complex and multifaceted concept that continues to evolve."
26,interspecific,"""What are the underlying principles that govern the relationship between gravity and light, and how do these principles impact our understanding of the universe?""","The relationship between gravity and light is governed by Einstein's theory of general relativity, which describes gravity as the curvature of spacetime caused by mass. According to this theory, light follows the curvature of spacetime, which means that it can be affected by the gravitational field of massive objects, such as stars or black holes. This effect, known as gravitational lensing, can distort the path of light and even bend it around massive objects, allowing astronomers to study the distribution of matter in the universe in ways that would be impossible without it."
27,intrusions,"""What are the geological processes that result in the formation of intrusions, and how do these processes differ from those that create volcanic rocks?""","Intrusions are igneous rocks that form when magma cools underground, away from the surface. These rocks are distinct from volcanic rocks, which are formed through the cooling and solidification of lava that has already reached the surface. The geological processes that result in the formation of intrusions involve the slow cooling of magma beneath the Earth's surface, leading to the formation of very viscous felsic magma. This type of magma does not rise easily and cools slowly underground, resulting in the formation of intrusions. In contrast, volcanic rocks are formed through the rapid cooling of lava at the surface, resulting in a faster cooling rate and a more glassy texture."
28,kelvin_scale,"""What are the underlying principles that govern the movement of celestial bodies, and how do they relate to Newton's law of universal gravitation and Einstein's theory of general relativity?""","""The movement of celestial bodies is governed by the principles of gravity, which are described by Newton's law of universal gravitation and Einstein's theory of general relativity. According to Newton's law, the force of gravity between two objects is proportional to the product of their masses and inversely proportional to the square of the distance between them. Einstein's theory, on the other hand, describes gravity as the curvature of spacetime caused by mass, which affects the motion of objects in a more comprehensive manner. Understanding these principles is essential for predicting and explaining the orbits of planets, the behavior of stars, and the structure of galaxies."""
29,keystone,"What are some examples of keystone species in different ecosystems, and how do their removal affect the ecosystem?","Keystone species play an especially important role in their community, and their removal can have significant impacts on the ecosystem. For example, in coral reefs, sea stars are keystone species that prey on mussels and sea urchins, which have no other natural predators. If sea stars were removed from a coral reef community, mussel and sea urchin populations would have explosive growth, which in turn would drive out most other species. In the end, the coral reef community would be destroyed. Similarly, in a forest ecosystem, wolves are keystone species that regulate the population of herbivores, such as deer and elk. Without wolves, these herbivores would multiply, leading to overgrazing and degradation of the forest."
30,mesophilic_organisms,"""What are the underlying principles that govern the behavior of microorganisms in fermentation, and how do they impact the quality and flavor of fermented foods?""","Microorganisms play a crucial role in fermentation by breaking down complex sugars and producing alcohols, acids, and other compounds that contribute to the flavor and quality of fermented foods. The specific microorganisms involved, as well as the conditions under which they grow, can greatly impact the final product. For example, yeast ferments sugars in beer and wine to produce alcohol, while bacteria in yogurt and cheese break down lactose to produce lactic acid, giving these foods their tangy flavor. Understanding these underlying principles can help food producers optimize their fermentation processes to create high-quality products."
31,mirrors,"""What are the different types of mirrors used in various applications, and how do their reflective surfaces contribute to their functionality?""","Mirrors are used in a wide range of applications, including headlights, telescopes, satellite TV receivers, and solar cookers. The different types of mirrors used in these applications include concave mirrors, convex mirrors, parabolic mirrors, and elliptical mirrors. The reflective surface of these mirrors contributes to their functionality by reflecting light or imaging, focusing, or diverging it, depending on the application. For example, concave mirrors are used in headlights to focus the light and increase its intensity, while parabolic mirrors are used in solar cookers to reflect and concentrate sunlight onto a small area, heating it up efficiently."
32,monotreme,"""What are the key differences between the mammary glands of monotremes and those of other mammals, and how do they reflect the unique evolutionary history of these animals?""","Monotremes, such as the platypus and echidna, have mammary glands that lack nipples, instead secreting milk from a patch of skin on their belly. This unique characteristic reflects the monotremes' evolutionary history as the mammary gland evolved independently in these animals. In contrast, other mammals have mammary glands with nipples that are adapted for nursing young. The differences between these glands highlight the distinct evolutionary paths taken by monotremes and other mammals."
33,monotremes,"""What are the key principles described by Einstein's theory of general relativity, and how do these principles explain the observed phenomena in the universe, such as gravitational waves and the bending of light?""","Einstein's theory of general relativity describes gravity as the curvature of spacetime caused by mass and energy. This explains phenomena such as gravitational waves, ripples in spacetime detected from events like black hole mergers, and the bending of light around massive objects, known as gravitational lensing. These principles have been confirmed by observations and experiments, including the perihelion precession of Mercury and the detection of gravitational waves. General relativity has revolutionized our understanding of the universe, from the motion of planets to the expansion of galaxies."
34,nuclear_symbols,"""What are the different types of radioactive decay, and how do they contribute to the overall radioactive properties of unstable nuclei?""","Radioactive decay is the process by which unstable nuclei lose energy and stability through various types of emissions, including alpha, beta, and gamma radiation. These types of decay arise from the different modes of nuclear instability, such as nucleon emission, nuclear rearrangement, and energy release. Understanding these different types of decay is crucial in assessing the radioactivity of a given nucleus and predicting its behavior over time."
35,ozone,"""What are the long-term effects of ozone damage on plant life, and how can they be mitigated?""","Ozone damage to plants can have long-term effects on plant life, including reduced growth rates, increased disease susceptibility, and even plant death. Mitigation strategies include reducing ozone emissions through various means, such as transitioning to cleaner energy sources and implementing emissions controls. Additionally, protective measures such as planting ozone-resistant species and using shielding technologies can help minimize ozone's impact on plant life."
36,plasma_membrane,"What are the different types of plasma membrane receptors, and how do they facilitate cellular communication and signaling?","Plasma membrane receptors are categorized into several types based on their structure, function, and mechanism of action. These include G-protein-coupled receptors, ion channel-linked receptors, tyrosine kinase receptors, and lipid-anchored receptors. Each type of receptor facilitates cellular communication and signaling through distinct mechanisms, such as triggering intracellular signaling pathways, modulating ion channels, or altering the composition of the plasma membrane."
37,proteins,"What are the different types of proteins, and how do they contribute to the structure and function of cells?","Proteins are the building blocks of cells, and they play a crucial role in cellular structure and function. There are several types of proteins, including structural proteins, which provide shape and support to cells; transport proteins, which facilitate the movement of molecules across cell membranes; and enzyme proteins, which catalyze chemical reactions within cells. Each type of protein has a specific function that contributes to the overall health and function of the cell."
38,radio,"""What are the underlying principles that govern the behavior of gravitational waves, and how do they differ from other forms of electromagnetic radiation?""","Gravitational waves are ripples in the fabric of spacetime that are produced by the acceleration of massive objects, such as black holes or neutron stars. Unlike other forms of electromagnetic radiation, such as light or radio waves, gravitational waves do not propagate through a medium and are not affected by the presence of matter. Instead, they emerge from the curvature of spacetime itself, providing a direct window into the behavior of massive objects in the universe."
39,radioactivity,"""What are the different types of alpha particles, and how do they contribute to radioactivity in various materials?""","Alpha particles are subatomic particles that are emitted by an unstable nucleus during radioactive decay. They are made up of two protons and two neutrons, and they have a positive charge. There are several types of alpha particles, including alpha-helium-4, alpha-helium-3, and alpha-lithium. Alpha-helium-4 is the most common type and is composed of two protons and two neutrons. Alpha-helium-3 is made up of two protons and one neutron, and alpha-lithium is composed of one proton and two neutrons. These different types of alpha particles contribute to radioactivity in various materials by interacting with the nucleus of an atom, causing it to emit other particles and leading to radioactive decay."
40,rate,"""What are the underlying principles that govern the spontaneous processes of rusting and combustion, and how do they differ in terms of their kinetics and thermodynamics?""","Rusting and combustion are two spontaneous processes that differ in their underlying principles and kinetics. Rusting is a chemical reaction between iron and oxygen that occurs spontaneously, resulting in the formation of iron oxides. The thermodynamic driving force behind this process is the energy released from the oxidation reaction, which favors the formation of iron oxides. In contrast, combustion is a chemical reaction between a fuel and oxygen that also occurs spontaneously, resulting in the release of energy in the form of heat and light. The thermodynamic driving force behind combustion is the energy released from the reaction, which favors the formation of products. The kinetics of these processes differ significantly, with rusting occurring at a much slower rate than combustion."
41,reactants,"""Discuss the factors that influence the efficiency of a continuous-flow reactor, including the design of the reactor, the choice of reactants, and the operating conditions, and explain how these factors impact the yield and quality of the product.""","A continuous-flow reactor is a chemical reaction vessel in which the reactants are mixed and allowed to react as they flow along a tube. The key operating parameters in a continuous-flow reactor are temperature, reactor volume, and reactant flow rate. The efficiency of a continuous-flow reactor can be influenced by several factors, including the design of the reactor, the choice of reactants, and the operating conditions. The design of the reactor can impact the efficiency of the reaction by affecting the mixing and reaction rates of the reactants. For example, a larger reactor volume can result in slower reaction rates, which may require longer residence times to achieve the desired reaction yield. The choice of reactants can also impact the efficiency of the reaction, as some reactants may react more quickly or slowly than others. Operating conditions, such as temperature and pressure, can also impact the efficiency of the reaction. For example, increasing the temperature of the reaction can increase the reaction rate, but it can also lead to the degradation of the reactants or the formation of unwanted byproducts. The yield and quality of the product can be impacted by the efficiency of the reaction, and optimizing these factors is crucial for industrial applications."
42,reflexes,"""What are the underlying mechanisms that govern the behavior of celestial bodies, and how do they interact with each other?""","Celestial bodies such as planets, stars, and galaxies are governed by underlying mechanisms such as gravity, electromagnetism, and nuclear forces. These mechanisms interact with each other in complex ways, shaping the structure and dynamics of the universe. For example, gravity causes planets to orbit their stars, while electromagnetism mediates the interactions between charged particles. The interactions between celestial bodies are further influenced by dark matter and dark energy, which are thought to play significant roles in shaping the large-scale structure of the universe."
43,refracting_telescopes,"""What are the primary factors that affect the behavior of celestial bodies, and how do they interact with each other to shape the universe as we know it?""","Celestial bodies are influenced by several primary factors, including gravity, electromagnetism, and dark matter. Gravity is the most significant factor, as it governs the orbits of planets, stars, and galaxies, and shapes the overall structure of the universe. Electromagnetism plays a crucial role in the interactions between charged particles, such as stars and galaxies, and dark matter, an invisible substance that exerts gravitational effects, influences the motion of objects on a larger scale. The interplay between these factors shapes the universe as we know it, resulting in complex phenomena such as the formation of galaxies and the evolution of stars."
44,reverse_genetics,"""What are the underlying principles that govern the behavior of genes in a transgenic animal, and how do these principles inform our understanding of gene function?""","Genes in a transgenic animal behave according to the principles of classical genetics, which involve determining the genetic basis of a given phenotype. However, modern techniques like reverse genetics have allowed researchers to start at the DNA sequence level and ask, ""What does this gene or DNA element do?"" This approach has resulted in a deeper understanding of gene function, as researchers can observe the effects of gene mutation or deletion on the phenotype of an organism. The underlying principles that govern gene behavior in transgenic animals include the dominance of alleles, the law of segregation, and the law of independent assortment. These principles inform our understanding of gene function by allowing us to infer the likely effects of gene mutation or deletion on the phenotype of an organism."
45,ring_species,"""What are the distinct characteristics that define a species in the context of allopatric speciation, and how do these traits evolve over time in response to geographical isolation?""","In the context of allopatric speciation, a species is defined by a set of consistent and distinct characteristics, such as morphological traits, behavioral patterns, or genetic markers, that distinguish it from other populations within the same species. Over time, these characteristics can evolve and become more pronounced as a result of geographical isolation, leading to the formation of new species."
46,serving_size,"""How does the serving size of a food product influence the amount of nutrients absorbed by the body, and what are the factors that determine the appropriate serving size for optimal nutrition?""","The serving size of a food product plays a crucial role in determining the amount of nutrients absorbed by the body. The recommended serving size is the amount of food that provides the appropriate amount of nutrients for optimal health. Factors that determine the appropriate serving size include the nutritional content of the food, the individual's age, sex, weight, and physical activity level, and any dietary restrictions or preferences. For example, a serving size of vegetables may be larger for an active individual, while a serving size of grains may be smaller for someone with diabetes. Understanding the appropriate serving size can help individuals make informed choices about their diet and ensure they are getting the nutrients they need for optimal health."
47,si_units,"""What are the fundamental principles underlying the measurement system used to report scientific measurements, and how do these principles enable accurate interpretations of physical phenomena?""","The fundamental principles underlying the measurement system used to report scientific measurements are based on the International System of Units (SI), which provides a standardized framework for expressing quantities and their relationships. The SI system is built on seven base units, which are meter (length), kilogram (mass), second (time), ampere (electric current), kelvin (thermodynamic temperature), mole (amount of substance), and candela (luminous intensity). These base units are used to derive other units through the application of mathematical formulas and conversion factors, allowing for accurate measurements and interpretations of physical phenomena."
48,skin,"""What are the underlying principles that govern the movement of celestial bodies, and how do they reflect the balance between gravitational and non-gravitational forces?""","The movement of celestial bodies is governed by a complex interplay of gravitational and non-gravitational forces. Gravity, as described by Newton's law of universal gravitation and Einstein's theory of general relativity, determines the motion of objects through their mutual attraction. However, other forces, such as the Coriolis force, the centrifugal force, and the pressure of interstellar medium, can also significantly affect their motion. These non-gravitational forces are particularly important for understanding the motion of objects in the solar system, where they can dominate over gravitational forces at large distances from the sun. Understanding the balance between these forces is crucial for predicting the orbits of celestial bodies and interpreting their motion."
49,solar_energy,"How does the use of renewable energy sources, such as solar and wind power, impact the overall energy efficiency of a building, and what are some of the key design considerations that architects and engineers should keep in mind when incorporating these sources into building design?","The use of renewable energy sources in building design can significantly improve a building's overall energy efficiency by reducing the reliance on non-renewable energy sources and decreasing the building's carbon footprint. Solar and wind power can be incorporated into building design through various means, such as installing photovoltaic panels on the building's rooftop or using wind turbines to generate electricity. When designing a building that incorporates renewable energy sources, architects and engineers should consider factors such as the building's location, orientation, and size to maximize energy efficiency. For example, a building located in a sunny climate may be more suitable for solar power, while a building in a windy area may be better suited for wind power."
50,spiral,"What are the underlying principles that govern the movement of galaxies, and how do they impact the formation of galaxy clusters?","Galaxy movements are guided by gravity, with each galaxy attracting the others through their mass. The distribution of galaxies within a cluster is determined by the complex interplay of gravitational forces, leading to the formation of distinct subclusters and filaments. These structures, in turn, influence the overall evolution of the universe."
51,stolons,"""What are the unique characteristics of stolons in strawberry plants, and how do they contribute to the growth and reproduction of the plant?""","Stolons are horizontal stems of strawberry plants that run over the ground surface, allowing them to form new plants at the points where they take root. This vegetative reproduction method enables strawberry plants to spread and colonize new areas, making them a highly adaptable and resilient species. Stolons also allow strawberry plants to regenerate quickly after damage or during times of stress, ensuring their continued survival and reproduction."
52,vitamin_d,"What are some of the key factors that contribute to the development of osteoporosis, and how can dietary calcium and vitamin D supplementation help mitigate its risk?","Osteoporosis is a bone-weakening disorder that affects millions of people worldwide, primarily older adults. Key risk factors for osteoporosis include age, gender, family history, lifestyle habits, and underlying medical conditions such as menopause, celiac disease, and kidney diseases. Dietary calcium and vitamin D supplementation have been widely recognized as crucial for maintaining bone health and reducing the risk of osteoporosis. Calcium intake helps build and maintain strong bones, while vitamin D regulates calcium absorption and bone mineralization."
